CREATE TABLE Customers (CustomerID INT PRIMARY KEY, Name VARCHAR(100), City VARCHAR(100), JoinDate DATE);
INSERT INTO Customers (CustomerID, Name, City, JoinDate) VALUES (1, 'Allison Hill', 'East Jill', '2025-04-01');
INSERT INTO Customers (CustomerID, Name, City, JoinDate) VALUES (2, 'Kimberly Garza', 'North Claytonbury', '2024-07-09');
INSERT INTO Customers (CustomerID, Name, City, JoinDate) VALUES (3, 'Kristina Baldwin', 'Robinsonshire', '2023-07-22');
INSERT INTO Customers (CustomerID, Name, City, JoinDate) VALUES (4, 'Abigail Shaffer', 'Petersonberg', '2023-04-15');
INSERT INTO Customers (CustomerID, Name, City, JoinDate) VALUES (5, 'Gabrielle Davis', 'West Melanieview', '2022-07-22');
INSERT INTO Customers (CustomerID, Name, City, JoinDate) VALUES (6, 'Kimberly Dudley', 'Millerport', '2025-01-16');
INSERT INTO Customers (CustomerID, Name, City, JoinDate) VALUES (7, 'Shannon Ray', 'North Donnaport', '2022-09-16');
INSERT INTO Customers (CustomerID, Name, City, JoinDate) VALUES (8, 'Sharon James', 'Reidstad', '2023-01-23');
INSERT INTO Customers (CustomerID, Name, City, JoinDate) VALUES (9, 'Daniel Adams', 'New Cynthiaside', '2023-05-31');
INSERT INTO Customers (CustomerID, Name, City, JoinDate) VALUES (10, 'James Mayo', 'Lake Mark', '2022-08-10');
INSERT INTO Customers (CustomerID, Name, City, JoinDate) VALUES (11, 'Andrew Stewart', 'Carlshire', '2023-09-16');
INSERT INTO Customers (CustomerID, Name, City, JoinDate) VALUES (12, 'Jonathan Wilkerson', 'Thomasberg', '2023-06-03');
INSERT INTO Customers (CustomerID, Name, City, JoinDate) VALUES (13, 'Kimberly Burgess', 'Hurstfurt', '2023-11-29');
INSERT INTO Customers (CustomerID, Name, City, JoinDate) VALUES (14, 'Zachary Hicks', 'Port Brandonville', '2023-01-08');
INSERT INTO Customers (CustomerID, Name, City, JoinDate) VALUES (15, 'Rebecca Henderson', 'South Patrickmouth', '2024-08-14');
INSERT INTO Customers (CustomerID, Name, City, JoinDate) VALUES (16, 'Juan Dunlap', 'Lake Nicoleview', '2025-02-04');
INSERT INTO Customers (CustomerID, Name, City, JoinDate) VALUES (17, 'Edward Moore', 'Lake Nancyview', '2024-07-01');
INSERT INTO Customers (CustomerID, Name, City, JoinDate) VALUES (18, 'Katie Rodriguez', 'Meaganhaven', '2024-12-17');
INSERT INTO Customers (CustomerID, Name, City, JoinDate) VALUES (19, 'James Martin', 'New Mariotown', '2022-11-05');
INSERT INTO Customers (CustomerID, Name, City, JoinDate) VALUES (20, 'Sherry Decker', 'Johnbury', '2024-10-13');
INSERT INTO Customers (CustomerID, Name, City, JoinDate) VALUES (21, 'Angelica Tucker', 'Port Amandaberg', '2022-12-01');
INSERT INTO Customers (CustomerID, Name, City, JoinDate) VALUES (22, 'Theresa Martin', 'Brandtside', '2025-04-21');
INSERT INTO Customers (CustomerID, Name, City, JoinDate) VALUES (23, 'Eric Carney', 'Samuelhaven', '2024-04-16');
INSERT INTO Customers (CustomerID, Name, City, JoinDate) VALUES (24, 'Danny Morgan', 'New Jeffrey', '2022-09-03');
INSERT INTO Customers (CustomerID, Name, City, JoinDate) VALUES (25, 'Amy Jones', 'Port Markhaven', '2023-05-20');
INSERT INTO Customers (CustomerID, Name, City, JoinDate) VALUES (26, 'John Ryan', 'Sanchezfort', '2024-02-07');
INSERT INTO Customers (CustomerID, Name, City, JoinDate) VALUES (27, 'Brent Jordan', 'Jenkinston', '2025-03-27');
INSERT INTO Customers (CustomerID, Name, City, JoinDate) VALUES (28, 'Maria Brown', 'Laurenville', '2023-06-06');
INSERT INTO Customers (CustomerID, Name, City, JoinDate) VALUES (29, 'Joshua Taylor', 'West Steven', '2022-09-10');
INSERT INTO Customers (CustomerID, Name, City, JoinDate) VALUES (30, 'Scott Pierce', 'Lake Yvettetown', '2022-10-07');
INSERT INTO Customers (CustomerID, Name, City, JoinDate) VALUES (31, 'Sarah Martin', 'Olsonfurt', '2022-08-15');
INSERT INTO Customers (CustomerID, Name, City, JoinDate) VALUES (32, 'Aaron Myers', 'Mitchellside', '2025-03-09');
INSERT INTO Customers (CustomerID, Name, City, JoinDate) VALUES (33, 'Brittney Phillips', 'New Jillton', '2023-09-15');
INSERT INTO Customers (CustomerID, Name, City, JoinDate) VALUES (34, 'Kevin Shaw', 'North Susan', '2022-09-17');
INSERT INTO Customers (CustomerID, Name, City, JoinDate) VALUES (35, 'Andrea Jones', 'South David', '2024-10-16');
INSERT INTO Customers (CustomerID, Name, City, JoinDate) VALUES (36, 'Kristopher Harvey', 'Sandovalshire', '2024-08-05');
INSERT INTO Customers (CustomerID, Name, City, JoinDate) VALUES (37, 'Dean Santiago', 'Johnfurt', '2022-12-05');
INSERT INTO Customers (CustomerID, Name, City, JoinDate) VALUES (38, 'Elizabeth Stewart', 'North Stephenshire', '2022-10-18');
INSERT INTO Customers (CustomerID, Name, City, JoinDate) VALUES (39, 'Daniel Baker', 'Nicolebury', '2023-12-11');
INSERT INTO Customers (CustomerID, Name, City, JoinDate) VALUES (40, 'Jeffrey Daniels', 'Cherylhaven', '2022-05-28');
INSERT INTO Customers (CustomerID, Name, City, JoinDate) VALUES (41, 'Kristen Huynh', 'East Josephville', '2024-09-21');
INSERT INTO Customers (CustomerID, Name, City, JoinDate) VALUES (42, 'Douglas Clark', 'Jamesview', '2024-07-09');
INSERT INTO Customers (CustomerID, Name, City, JoinDate) VALUES (43, 'Taylor Mathis Jr.', 'Calderonton', '2022-05-21');
INSERT INTO Customers (CustomerID, Name, City, JoinDate) VALUES (44, 'Carlos Whitney', 'Lake Scott', '2024-03-10');
INSERT INTO Customers (CustomerID, Name, City, JoinDate) VALUES (45, 'Ashley Landry', 'New Barry', '2023-12-10');
INSERT INTO Customers (CustomerID, Name, City, JoinDate) VALUES (46, 'Brittany Anderson', 'Michaelton', '2023-11-22');
INSERT INTO Customers (CustomerID, Name, City, JoinDate) VALUES (47, 'David Garcia', 'Dicksonberg', '2023-05-18');
INSERT INTO Customers (CustomerID, Name, City, JoinDate) VALUES (48, 'Vanessa Cochran', 'Johnsonmouth', '2024-02-14');
INSERT INTO Customers (CustomerID, Name, City, JoinDate) VALUES (49, 'Sharon Cochran', 'Erikville', '2023-12-31');
INSERT INTO Customers (CustomerID, Name, City, JoinDate) VALUES (50, 'Shannon Walker', 'Baileybury', '2023-04-27');
INSERT INTO Customers (CustomerID, Name, City, JoinDate) VALUES (51, 'Corey Murphy', 'Port Joshuahaven', '2024-01-26');
INSERT INTO Customers (CustomerID, Name, City, JoinDate) VALUES (52, 'Sarah Rivera', 'North Natalieview', '2023-02-17');
INSERT INTO Customers (CustomerID, Name, City, JoinDate) VALUES (53, 'Victoria Johnson', 'Reedmouth', '2024-03-23');
INSERT INTO Customers (CustomerID, Name, City, JoinDate) VALUES (54, 'Kayla Cruz', 'West Bradley', '2024-03-23');
INSERT INTO Customers (CustomerID, Name, City, JoinDate) VALUES (55, 'Timothy Ryan', 'West Ryan', '2025-03-12');
INSERT INTO Customers (CustomerID, Name, City, JoinDate) VALUES (56, 'Lisa Alvarado', 'Lake Rachelhaven', '2023-09-08');
INSERT INTO Customers (CustomerID, Name, City, JoinDate) VALUES (57, 'Erika Terry', 'East Robert', '2023-12-25');
INSERT INTO Customers (CustomerID, Name, City, JoinDate) VALUES (58, 'Stephanie Gilbert', 'Richardtown', '2023-08-31');
INSERT INTO Customers (CustomerID, Name, City, JoinDate) VALUES (59, 'Jeffrey Carpenter', 'Stevenmouth', '2025-03-30');
INSERT INTO Customers (CustomerID, Name, City, JoinDate) VALUES (60, 'John Santana', 'Lake Christopher', '2024-07-24');
INSERT INTO Customers (CustomerID, Name, City, JoinDate) VALUES (61, 'Lisa Davis', 'Lake Lance', '2023-03-21');
INSERT INTO Customers (CustomerID, Name, City, JoinDate) VALUES (62, 'Angel Riggs', 'South Robertshire', '2023-03-14');
INSERT INTO Customers (CustomerID, Name, City, JoinDate) VALUES (63, 'Janet Ross', 'Lake Grace', '2022-10-28');
INSERT INTO Customers (CustomerID, Name, City, JoinDate) VALUES (64, 'Colleen Brock', 'Williamsbury', '2022-11-20');
INSERT INTO Customers (CustomerID, Name, City, JoinDate) VALUES (65, 'Robert Contreras', 'Stephaniemouth', '2024-12-22');
INSERT INTO Customers (CustomerID, Name, City, JoinDate) VALUES (66, 'Stephanie Simmons', 'Merrittfort', '2024-04-14');
INSERT INTO Customers (CustomerID, Name, City, JoinDate) VALUES (67, 'David Walsh', 'Simsview', '2024-03-29');
INSERT INTO Customers (CustomerID, Name, City, JoinDate) VALUES (68, 'Dustin Nelson', 'Patricialand', '2022-12-16');
INSERT INTO Customers (CustomerID, Name, City, JoinDate) VALUES (69, 'James Hernandez', 'North Robert', '2023-10-12');
INSERT INTO Customers (CustomerID, Name, City, JoinDate) VALUES (70, 'Jennifer Clark', 'Priceshire', '2025-04-30');
INSERT INTO Customers (CustomerID, Name, City, JoinDate) VALUES (71, 'Spencer Johnston', 'Smithstad', '2023-08-22');
INSERT INTO Customers (CustomerID, Name, City, JoinDate) VALUES (72, 'Sarah Ashley', 'Medinaside', '2024-12-08');
INSERT INTO Customers (CustomerID, Name, City, JoinDate) VALUES (73, 'Katherine Nelson', 'Johnsonmouth', '2025-03-20');
INSERT INTO Customers (CustomerID, Name, City, JoinDate) VALUES (74, 'Jennifer Martin', 'Calhounside', '2022-06-26');
INSERT INTO Customers (CustomerID, Name, City, JoinDate) VALUES (75, 'Leslie Alvarado', 'Lake Roymouth', '2023-02-22');
INSERT INTO Customers (CustomerID, Name, City, JoinDate) VALUES (76, 'James Lewis', 'Matthewfurt', '2023-07-22');
INSERT INTO Customers (CustomerID, Name, City, JoinDate) VALUES (77, 'Sandra King', 'South Andrewside', '2022-08-04');
INSERT INTO Customers (CustomerID, Name, City, JoinDate) VALUES (78, 'Mrs. Marie Harrington DDS', 'East Jamestown', '2025-01-05');
INSERT INTO Customers (CustomerID, Name, City, JoinDate) VALUES (79, 'Cameron Caldwell', 'South Holly', '2023-12-10');
INSERT INTO Customers (CustomerID, Name, City, JoinDate) VALUES (80, 'Lawrence Adkins', 'Port Loriport', '2022-10-30');
INSERT INTO Customers (CustomerID, Name, City, JoinDate) VALUES (81, 'Tanya Johnston', 'Sandersborough', '2022-09-11');
INSERT INTO Customers (CustomerID, Name, City, JoinDate) VALUES (82, 'Sandra Sanchez', 'Melissaville', '2024-10-11');
INSERT INTO Customers (CustomerID, Name, City, JoinDate) VALUES (83, 'Hannah Patterson', 'Caseymouth', '2022-06-04');
INSERT INTO Customers (CustomerID, Name, City, JoinDate) VALUES (84, 'Samantha Garcia', 'Cynthiamouth', '2023-01-08');
INSERT INTO Customers (CustomerID, Name, City, JoinDate) VALUES (85, 'Nicholas Sheppard', 'Christinaside', '2024-06-05');
INSERT INTO Customers (CustomerID, Name, City, JoinDate) VALUES (86, 'Roger Vargas', 'Melissaland', '2023-07-23');
INSERT INTO Customers (CustomerID, Name, City, JoinDate) VALUES (87, 'Dana Marshall', 'Rogersfort', '2023-10-02');
INSERT INTO Customers (CustomerID, Name, City, JoinDate) VALUES (88, 'Daniel Salinas', 'Joshuaview', '2024-09-25');
INSERT INTO Customers (CustomerID, Name, City, JoinDate) VALUES (89, 'Travis Miller', 'Freemanbury', '2025-04-22');
INSERT INTO Customers (CustomerID, Name, City, JoinDate) VALUES (90, 'Michael West', 'North Kellyfurt', '2025-04-24');
INSERT INTO Customers (CustomerID, Name, City, JoinDate) VALUES (91, 'Matthew Wood', 'Ronaldside', '2023-10-11');
INSERT INTO Customers (CustomerID, Name, City, JoinDate) VALUES (92, 'Jesse Parker', 'North Jennifer', '2023-09-18');
INSERT INTO Customers (CustomerID, Name, City, JoinDate) VALUES (93, 'Joshua Gill', 'East Javier', '2024-06-06');
INSERT INTO Customers (CustomerID, Name, City, JoinDate) VALUES (94, 'Kevin Wolf', 'Tinaborough', '2023-08-19');
INSERT INTO Customers (CustomerID, Name, City, JoinDate) VALUES (95, 'Christopher Smith', 'West Brandon', '2022-08-08');
INSERT INTO Customers (CustomerID, Name, City, JoinDate) VALUES (96, 'Melissa Martinez', 'Garciatown', '2024-10-23');
INSERT INTO Customers (CustomerID, Name, City, JoinDate) VALUES (97, 'John Peterson', 'West Shelleyfort', '2022-11-09');
INSERT INTO Customers (CustomerID, Name, City, JoinDate) VALUES (98, 'Jennifer Jones', 'East Edwardshire', '2023-08-30');
INSERT INTO Customers (CustomerID, Name, City, JoinDate) VALUES (99, 'David Grant', 'Obrienbury', '2024-08-04');
INSERT INTO Customers (CustomerID, Name, City, JoinDate) VALUES (100, 'Terry Evans', 'Torreston', '2024-12-18');
CREATE TABLE Products (ProductID INT PRIMARY KEY, ProductName VARCHAR(100), Category VARCHAR(50), Price DECIMAL(10,2));
INSERT INTO Products (ProductID, ProductName, Category, Price) VALUES (101, 'iPhone 13', 'Mobile', 58422);
INSERT INTO Products (ProductID, ProductName, Category, Price) VALUES (102, 'Dell XPS 15', 'Laptop', 17795);
INSERT INTO Products (ProductID, ProductName, Category, Price) VALUES (103, 'Samsung Galaxy S22', 'Mobile', 2860);
INSERT INTO Products (ProductID, ProductName, Category, Price) VALUES (104, 'HP Pavilion', 'Laptop', 40158);
INSERT INTO Products (ProductID, ProductName, Category, Price) VALUES (105, 'AirPods Pro', 'Accessories', 56343);
INSERT INTO Products (ProductID, ProductName, Category, Price) VALUES (106, 'Apple Watch 8', 'Accessories', 46732);
INSERT INTO Products (ProductID, ProductName, Category, Price) VALUES (107, 'Lenovo Legion 5', 'Laptop', 13284);
INSERT INTO Products (ProductID, ProductName, Category, Price) VALUES (108, 'Xiaomi Redmi Note 12', 'Mobile', 56886);
INSERT INTO Products (ProductID, ProductName, Category, Price) VALUES (109, 'JBL Speaker', 'Accessories', 8265);
INSERT INTO Products (ProductID, ProductName, Category, Price) VALUES (110, 'MacBook Pro 14', 'Laptop', 18850);
INSERT INTO Products (ProductID, ProductName, Category, Price) VALUES (111, 'iPad Pro', 'Tablet', 39194);
INSERT INTO Products (ProductID, ProductName, Category, Price) VALUES (112, 'Galaxy Tab S8', 'Tablet', 23962);
INSERT INTO Products (ProductID, ProductName, Category, Price) VALUES (113, 'Sony WH-1000XM5', 'Accessories', 49191);
INSERT INTO Products (ProductID, ProductName, Category, Price) VALUES (114, 'Canon EOS M50', 'Camera', 46131);
INSERT INTO Products (ProductID, ProductName, Category, Price) VALUES (115, 'GoPro Hero 10', 'Camera', 18023);
INSERT INTO Products (ProductID, ProductName, Category, Price) VALUES (116, 'Nintendo Switch', 'Gaming', 43090);
INSERT INTO Products (ProductID, ProductName, Category, Price) VALUES (117, 'PS5 Console', 'Gaming', 3685);
INSERT INTO Products (ProductID, ProductName, Category, Price) VALUES (118, 'Xbox Series X', 'Gaming', 2769);
INSERT INTO Products (ProductID, ProductName, Category, Price) VALUES (119, 'Fitbit Charge 5', 'Accessories', 58101);
INSERT INTO Products (ProductID, ProductName, Category, Price) VALUES (120, 'Anker Power Bank', 'Accessories', 4433);
CREATE TABLE Sales (
    SaleID INT PRIMARY KEY,
    CustomerID INT,
    ProductID INT,
    Quantity INT,
    SaleDate DATE,
    FOREIGN KEY (CustomerID) REFERENCES Customers(CustomerID),
    FOREIGN KEY (ProductID) REFERENCES Products(ProductID)
);
INSERT INTO Sales (SaleID, CustomerID, ProductID, Quantity, SaleDate) VALUES (1001, 82, 104, 1, '2024-12-10');
INSERT INTO Sales (SaleID, CustomerID, ProductID, Quantity, SaleDate) VALUES (1002, 95, 109, 1, '2023-08-01');
INSERT INTO Sales (SaleID, CustomerID, ProductID, Quantity, SaleDate) VALUES (1003, 29, 105, 3, '2024-12-28');
INSERT INTO Sales (SaleID, CustomerID, ProductID, Quantity, SaleDate) VALUES (1004, 14, 118, 1, '2023-10-24');
INSERT INTO Sales (SaleID, CustomerID, ProductID, Quantity, SaleDate) VALUES (1005, 76, 114, 1, '2024-09-12');
INSERT INTO Sales (SaleID, CustomerID, ProductID, Quantity, SaleDate) VALUES (1006, 4, 103, 1, '2023-10-26');
INSERT INTO Sales (SaleID, CustomerID, ProductID, Quantity, SaleDate) VALUES (1007, 30, 117, 3, '2023-12-07');
INSERT INTO Sales (SaleID, CustomerID, ProductID, Quantity, SaleDate) VALUES (1008, 4, 118, 1, '2024-10-09');
INSERT INTO Sales (SaleID, CustomerID, ProductID, Quantity, SaleDate) VALUES (1009, 92, 118, 2, '2023-07-18');
INSERT INTO Sales (SaleID, CustomerID, ProductID, Quantity, SaleDate) VALUES (1010, 29, 115, 3, '2023-09-14');
INSERT INTO Sales (SaleID, CustomerID, ProductID, Quantity, SaleDate) VALUES (1011, 36, 101, 1, '2023-11-18');
INSERT INTO Sales (SaleID, CustomerID, ProductID, Quantity, SaleDate) VALUES (1012, 90, 114, 2, '2023-09-28');
INSERT INTO Sales (SaleID, CustomerID, ProductID, Quantity, SaleDate) VALUES (1013, 36, 105, 1, '2024-07-17');
INSERT INTO Sales (SaleID, CustomerID, ProductID, Quantity, SaleDate) VALUES (1014, 98, 111, 1, '2023-07-13');
INSERT INTO Sales (SaleID, CustomerID, ProductID, Quantity, SaleDate) VALUES (1015, 12, 113, 1, '2023-09-14');
INSERT INTO Sales (SaleID, CustomerID, ProductID, Quantity, SaleDate) VALUES (1016, 46, 112, 3, '2023-05-18');
INSERT INTO Sales (SaleID, CustomerID, ProductID, Quantity, SaleDate) VALUES (1017, 34, 102, 3, '2024-03-28');
INSERT INTO Sales (SaleID, CustomerID, ProductID, Quantity, SaleDate) VALUES (1018, 59, 118, 1, '2024-04-29');
INSERT INTO Sales (SaleID, CustomerID, ProductID, Quantity, SaleDate) VALUES (1019, 49, 103, 3, '2024-11-01');
INSERT INTO Sales (SaleID, CustomerID, ProductID, Quantity, SaleDate) VALUES (1020, 38, 120, 2, '2024-08-19');
INSERT INTO Sales (SaleID, CustomerID, ProductID, Quantity, SaleDate) VALUES (1021, 74, 107, 3, '2024-05-14');
INSERT INTO Sales (SaleID, CustomerID, ProductID, Quantity, SaleDate) VALUES (1022, 9, 102, 3, '2023-12-28');
INSERT INTO Sales (SaleID, CustomerID, ProductID, Quantity, SaleDate) VALUES (1023, 30, 110, 1, '2023-06-10');
INSERT INTO Sales (SaleID, CustomerID, ProductID, Quantity, SaleDate) VALUES (1024, 30, 104, 2, '2023-11-11');
INSERT INTO Sales (SaleID, CustomerID, ProductID, Quantity, SaleDate) VALUES (1025, 36, 115, 3, '2023-12-25');
INSERT INTO Sales (SaleID, CustomerID, ProductID, Quantity, SaleDate) VALUES (1026, 47, 106, 2, '2024-11-15');
INSERT INTO Sales (SaleID, CustomerID, ProductID, Quantity, SaleDate) VALUES (1027, 46, 107, 3, '2023-12-21');
INSERT INTO Sales (SaleID, CustomerID, ProductID, Quantity, SaleDate) VALUES (1028, 35, 103, 3, '2024-11-12');
INSERT INTO Sales (SaleID, CustomerID, ProductID, Quantity, SaleDate) VALUES (1029, 82, 106, 3, '2025-03-13');
INSERT INTO Sales (SaleID, CustomerID, ProductID, Quantity, SaleDate) VALUES (1030, 94, 108, 1, '2024-05-02');
INSERT INTO Sales (SaleID, CustomerID, ProductID, Quantity, SaleDate) VALUES (1031, 60, 113, 2, '2023-07-10');
INSERT INTO Sales (SaleID, CustomerID, ProductID, Quantity, SaleDate) VALUES (1032, 82, 118, 1, '2024-10-30');
INSERT INTO Sales (SaleID, CustomerID, ProductID, Quantity, SaleDate) VALUES (1033, 88, 111, 1, '2023-11-13');
INSERT INTO Sales (SaleID, CustomerID, ProductID, Quantity, SaleDate) VALUES (1034, 30, 102, 2, '2025-05-02');
INSERT INTO Sales (SaleID, CustomerID, ProductID, Quantity, SaleDate) VALUES (1035, 52, 109, 1, '2023-12-07');
INSERT INTO Sales (SaleID, CustomerID, ProductID, Quantity, SaleDate) VALUES (1036, 28, 119, 3, '2025-01-16');
INSERT INTO Sales (SaleID, CustomerID, ProductID, Quantity, SaleDate) VALUES (1037, 41, 107, 3, '2025-01-19');
INSERT INTO Sales (SaleID, CustomerID, ProductID, Quantity, SaleDate) VALUES (1038, 64, 113, 3, '2024-09-12');
INSERT INTO Sales (SaleID, CustomerID, ProductID, Quantity, SaleDate) VALUES (1039, 59, 105, 2, '2024-08-16');
INSERT INTO Sales (SaleID, CustomerID, ProductID, Quantity, SaleDate) VALUES (1040, 18, 108, 3, '2024-10-10');
INSERT INTO Sales (SaleID, CustomerID, ProductID, Quantity, SaleDate) VALUES (1041, 72, 118, 2, '2025-01-29');
INSERT INTO Sales (SaleID, CustomerID, ProductID, Quantity, SaleDate) VALUES (1042, 96, 119, 2, '2025-05-10');
INSERT INTO Sales (SaleID, CustomerID, ProductID, Quantity, SaleDate) VALUES (1043, 75, 113, 2, '2023-10-16');
INSERT INTO Sales (SaleID, CustomerID, ProductID, Quantity, SaleDate) VALUES (1044, 29, 105, 3, '2024-04-10');
INSERT INTO Sales (SaleID, CustomerID, ProductID, Quantity, SaleDate) VALUES (1045, 64, 103, 1, '2023-08-13');
INSERT INTO Sales (SaleID, CustomerID, ProductID, Quantity, SaleDate) VALUES (1046, 15, 105, 3, '2024-07-11');
INSERT INTO Sales (SaleID, CustomerID, ProductID, Quantity, SaleDate) VALUES (1047, 21, 114, 3, '2023-11-06');
INSERT INTO Sales (SaleID, CustomerID, ProductID, Quantity, SaleDate) VALUES (1048, 9, 113, 2, '2024-09-30');
INSERT INTO Sales (SaleID, CustomerID, ProductID, Quantity, SaleDate) VALUES (1049, 77, 115, 3, '2023-09-08');
INSERT INTO Sales (SaleID, CustomerID, ProductID, Quantity, SaleDate) VALUES (1050, 33, 118, 1, '2025-04-20');
INSERT INTO Sales (SaleID, CustomerID, ProductID, Quantity, SaleDate) VALUES (1051, 88, 104, 3, '2023-12-08');
INSERT INTO Sales (SaleID, CustomerID, ProductID, Quantity, SaleDate) VALUES (1052, 69, 109, 3, '2025-02-16');
INSERT INTO Sales (SaleID, CustomerID, ProductID, Quantity, SaleDate) VALUES (1053, 44, 104, 2, '2023-09-03');
INSERT INTO Sales (SaleID, CustomerID, ProductID, Quantity, SaleDate) VALUES (1054, 56, 106, 2, '2023-07-10');
INSERT INTO Sales (SaleID, CustomerID, ProductID, Quantity, SaleDate) VALUES (1055, 1, 109, 3, '2023-07-01');
INSERT INTO Sales (SaleID, CustomerID, ProductID, Quantity, SaleDate) VALUES (1056, 98, 106, 3, '2023-09-21');
INSERT INTO Sales (SaleID, CustomerID, ProductID, Quantity, SaleDate) VALUES (1057, 14, 110, 3, '2025-01-20');
INSERT INTO Sales (SaleID, CustomerID, ProductID, Quantity, SaleDate) VALUES (1058, 65, 120, 1, '2024-01-09');
INSERT INTO Sales (SaleID, CustomerID, ProductID, Quantity, SaleDate) VALUES (1059, 20, 112, 1, '2024-08-20');
INSERT INTO Sales (SaleID, CustomerID, ProductID, Quantity, SaleDate) VALUES (1060, 70, 117, 1, '2024-12-17');
INSERT INTO Sales (SaleID, CustomerID, ProductID, Quantity, SaleDate) VALUES (1061, 77, 111, 2, '2025-02-14');
INSERT INTO Sales (SaleID, CustomerID, ProductID, Quantity, SaleDate) VALUES (1062, 3, 104, 2, '2024-07-31');
INSERT INTO Sales (SaleID, CustomerID, ProductID, Quantity, SaleDate) VALUES (1063, 40, 108, 1, '2025-04-30');
INSERT INTO Sales (SaleID, CustomerID, ProductID, Quantity, SaleDate) VALUES (1064, 31, 119, 1, '2023-12-26');
INSERT INTO Sales (SaleID, CustomerID, ProductID, Quantity, SaleDate) VALUES (1065, 11, 116, 1, '2024-04-21');
INSERT INTO Sales (SaleID, CustomerID, ProductID, Quantity, SaleDate) VALUES (1066, 98, 118, 1, '2023-08-20');
INSERT INTO Sales (SaleID, CustomerID, ProductID, Quantity, SaleDate) VALUES (1067, 17, 116, 3, '2024-05-14');
INSERT INTO Sales (SaleID, CustomerID, ProductID, Quantity, SaleDate) VALUES (1068, 22, 109, 3, '2024-10-31');
INSERT INTO Sales (SaleID, CustomerID, ProductID, Quantity, SaleDate) VALUES (1069, 78, 114, 1, '2024-01-07');
INSERT INTO Sales (SaleID, CustomerID, ProductID, Quantity, SaleDate) VALUES (1070, 70, 107, 3, '2024-11-09');
INSERT INTO Sales (SaleID, CustomerID, ProductID, Quantity, SaleDate) VALUES (1071, 40, 113, 3, '2024-03-23');
INSERT INTO Sales (SaleID, CustomerID, ProductID, Quantity, SaleDate) VALUES (1072, 84, 112, 2, '2023-12-13');
INSERT INTO Sales (SaleID, CustomerID, ProductID, Quantity, SaleDate) VALUES (1073, 67, 115, 1, '2024-06-07');
INSERT INTO Sales (SaleID, CustomerID, ProductID, Quantity, SaleDate) VALUES (1074, 32, 108, 1, '2024-07-08');
INSERT INTO Sales (SaleID, CustomerID, ProductID, Quantity, SaleDate) VALUES (1075, 44, 101, 3, '2024-06-02');
INSERT INTO Sales (SaleID, CustomerID, ProductID, Quantity, SaleDate) VALUES (1076, 71, 108, 3, '2024-04-20');
INSERT INTO Sales (SaleID, CustomerID, ProductID, Quantity, SaleDate) VALUES (1077, 29, 101, 1, '2023-07-17');
INSERT INTO Sales (SaleID, CustomerID, ProductID, Quantity, SaleDate) VALUES (1078, 91, 102, 1, '2024-08-22');
INSERT INTO Sales (SaleID, CustomerID, ProductID, Quantity, SaleDate) VALUES (1079, 9, 102, 2, '2023-06-15');
INSERT INTO Sales (SaleID, CustomerID, ProductID, Quantity, SaleDate) VALUES (1080, 10, 117, 1, '2025-04-05');
INSERT INTO Sales (SaleID, CustomerID, ProductID, Quantity, SaleDate) VALUES (1081, 36, 116, 1, '2024-04-15');
INSERT INTO Sales (SaleID, CustomerID, ProductID, Quantity, SaleDate) VALUES (1082, 70, 105, 3, '2024-12-06');
INSERT INTO Sales (SaleID, CustomerID, ProductID, Quantity, SaleDate) VALUES (1083, 74, 119, 2, '2024-01-21');
INSERT INTO Sales (SaleID, CustomerID, ProductID, Quantity, SaleDate) VALUES (1084, 32, 116, 2, '2024-08-26');
INSERT INTO Sales (SaleID, CustomerID, ProductID, Quantity, SaleDate) VALUES (1085, 25, 104, 1, '2023-11-26');
INSERT INTO Sales (SaleID, CustomerID, ProductID, Quantity, SaleDate) VALUES (1086, 85, 114, 2, '2023-06-05');
INSERT INTO Sales (SaleID, CustomerID, ProductID, Quantity, SaleDate) VALUES (1087, 55, 114, 2, '2023-07-25');
INSERT INTO Sales (SaleID, CustomerID, ProductID, Quantity, SaleDate) VALUES (1088, 94, 102, 3, '2023-11-09');
INSERT INTO Sales (SaleID, CustomerID, ProductID, Quantity, SaleDate) VALUES (1089, 84, 104, 1, '2024-10-20');
INSERT INTO Sales (SaleID, CustomerID, ProductID, Quantity, SaleDate) VALUES (1090, 52, 111, 1, '2025-02-23');
INSERT INTO Sales (SaleID, CustomerID, ProductID, Quantity, SaleDate) VALUES (1091, 32, 107, 1, '2025-03-14');
INSERT INTO Sales (SaleID, CustomerID, ProductID, Quantity, SaleDate) VALUES (1092, 69, 115, 1, '2024-08-04');
INSERT INTO Sales (SaleID, CustomerID, ProductID, Quantity, SaleDate) VALUES (1093, 55, 106, 2, '2024-08-14');
INSERT INTO Sales (SaleID, CustomerID, ProductID, Quantity, SaleDate) VALUES (1094, 60, 108, 1, '2023-06-01');
INSERT INTO Sales (SaleID, CustomerID, ProductID, Quantity, SaleDate) VALUES (1095, 57, 118, 1, '2024-12-30');
INSERT INTO Sales (SaleID, CustomerID, ProductID, Quantity, SaleDate) VALUES (1096, 7, 118, 1, '2024-10-19');
INSERT INTO Sales (SaleID, CustomerID, ProductID, Quantity, SaleDate) VALUES (1097, 12, 108, 1, '2025-02-12');
INSERT INTO Sales (SaleID, CustomerID, ProductID, Quantity, SaleDate) VALUES (1098, 53, 116, 2, '2023-12-11');
INSERT INTO Sales (SaleID, CustomerID, ProductID, Quantity, SaleDate) VALUES (1099, 28, 113, 1, '2024-08-05');
INSERT INTO Sales (SaleID, CustomerID, ProductID, Quantity, SaleDate) VALUES (1100, 22, 113, 1, '2023-06-16');
INSERT INTO Sales (SaleID, CustomerID, ProductID, Quantity, SaleDate) VALUES (1101, 50, 109, 2, '2024-12-28');
INSERT INTO Sales (SaleID, CustomerID, ProductID, Quantity, SaleDate) VALUES (1102, 37, 114, 3, '2024-12-23');
INSERT INTO Sales (SaleID, CustomerID, ProductID, Quantity, SaleDate) VALUES (1103, 94, 118, 3, '2023-09-29');
INSERT INTO Sales (SaleID, CustomerID, ProductID, Quantity, SaleDate) VALUES (1104, 92, 116, 1, '2024-05-15');
INSERT INTO Sales (SaleID, CustomerID, ProductID, Quantity, SaleDate) VALUES (1105, 25, 110, 1, '2024-06-22');
INSERT INTO Sales (SaleID, CustomerID, ProductID, Quantity, SaleDate) VALUES (1106, 8, 119, 3, '2024-10-03');
INSERT INTO Sales (SaleID, CustomerID, ProductID, Quantity, SaleDate) VALUES (1107, 70, 102, 3, '2024-04-23');
INSERT INTO Sales (SaleID, CustomerID, ProductID, Quantity, SaleDate) VALUES (1108, 41, 102, 1, '2025-04-26');
INSERT INTO Sales (SaleID, CustomerID, ProductID, Quantity, SaleDate) VALUES (1109, 75, 116, 3, '2023-12-18');
INSERT INTO Sales (SaleID, CustomerID, ProductID, Quantity, SaleDate) VALUES (1110, 68, 106, 1, '2023-10-03');
INSERT INTO Sales (SaleID, CustomerID, ProductID, Quantity, SaleDate) VALUES (1111, 66, 103, 1, '2024-08-12');
INSERT INTO Sales (SaleID, CustomerID, ProductID, Quantity, SaleDate) VALUES (1112, 9, 120, 1, '2024-04-18');
INSERT INTO Sales (SaleID, CustomerID, ProductID, Quantity, SaleDate) VALUES (1113, 87, 108, 2, '2024-09-20');
INSERT INTO Sales (SaleID, CustomerID, ProductID, Quantity, SaleDate) VALUES (1114, 16, 119, 1, '2025-02-06');
INSERT INTO Sales (SaleID, CustomerID, ProductID, Quantity, SaleDate) VALUES (1115, 75, 120, 1, '2024-05-31');
INSERT INTO Sales (SaleID, CustomerID, ProductID, Quantity, SaleDate) VALUES (1116, 80, 103, 2, '2023-07-25');
INSERT INTO Sales (SaleID, CustomerID, ProductID, Quantity, SaleDate) VALUES (1117, 85, 119, 3, '2024-05-15');
INSERT INTO Sales (SaleID, CustomerID, ProductID, Quantity, SaleDate) VALUES (1118, 67, 111, 2, '2024-02-10');
INSERT INTO Sales (SaleID, CustomerID, ProductID, Quantity, SaleDate) VALUES (1119, 27, 111, 1, '2024-03-28');
INSERT INTO Sales (SaleID, CustomerID, ProductID, Quantity, SaleDate) VALUES (1120, 34, 113, 1, '2024-01-29');
INSERT INTO Sales (SaleID, CustomerID, ProductID, Quantity, SaleDate) VALUES (1121, 86, 110, 2, '2024-01-20');
INSERT INTO Sales (SaleID, CustomerID, ProductID, Quantity, SaleDate) VALUES (1122, 41, 103, 1, '2024-10-17');
INSERT INTO Sales (SaleID, CustomerID, ProductID, Quantity, SaleDate) VALUES (1123, 59, 120, 3, '2023-08-05');
INSERT INTO Sales (SaleID, CustomerID, ProductID, Quantity, SaleDate) VALUES (1124, 13, 103, 3, '2025-03-12');
INSERT INTO Sales (SaleID, CustomerID, ProductID, Quantity, SaleDate) VALUES (1125, 28, 117, 2, '2023-09-17');
INSERT INTO Sales (SaleID, CustomerID, ProductID, Quantity, SaleDate) VALUES (1126, 17, 112, 1, '2024-01-27');
INSERT INTO Sales (SaleID, CustomerID, ProductID, Quantity, SaleDate) VALUES (1127, 32, 112, 2, '2024-03-30');
INSERT INTO Sales (SaleID, CustomerID, ProductID, Quantity, SaleDate) VALUES (1128, 21, 115, 3, '2024-11-04');
INSERT INTO Sales (SaleID, CustomerID, ProductID, Quantity, SaleDate) VALUES (1129, 91, 110, 3, '2024-06-03');
INSERT INTO Sales (SaleID, CustomerID, ProductID, Quantity, SaleDate) VALUES (1130, 84, 117, 1, '2023-12-25');
INSERT INTO Sales (SaleID, CustomerID, ProductID, Quantity, SaleDate) VALUES (1131, 86, 118, 2, '2024-10-11');
INSERT INTO Sales (SaleID, CustomerID, ProductID, Quantity, SaleDate) VALUES (1132, 85, 104, 1, '2024-03-22');
INSERT INTO Sales (SaleID, CustomerID, ProductID, Quantity, SaleDate) VALUES (1133, 34, 104, 1, '2025-02-05');
INSERT INTO Sales (SaleID, CustomerID, ProductID, Quantity, SaleDate) VALUES (1134, 96, 118, 1, '2024-12-26');
INSERT INTO Sales (SaleID, CustomerID, ProductID, Quantity, SaleDate) VALUES (1135, 35, 110, 3, '2024-07-16');
INSERT INTO Sales (SaleID, CustomerID, ProductID, Quantity, SaleDate) VALUES (1136, 27, 111, 1, '2023-06-13');
INSERT INTO Sales (SaleID, CustomerID, ProductID, Quantity, SaleDate) VALUES (1137, 88, 109, 3, '2024-05-03');
INSERT INTO Sales (SaleID, CustomerID, ProductID, Quantity, SaleDate) VALUES (1138, 63, 109, 1, '2023-07-23');
INSERT INTO Sales (SaleID, CustomerID, ProductID, Quantity, SaleDate) VALUES (1139, 12, 114, 2, '2024-01-15');
INSERT INTO Sales (SaleID, CustomerID, ProductID, Quantity, SaleDate) VALUES (1140, 6, 101, 2, '2023-11-28');
INSERT INTO Sales (SaleID, CustomerID, ProductID, Quantity, SaleDate) VALUES (1141, 99, 105, 3, '2024-01-22');
INSERT INTO Sales (SaleID, CustomerID, ProductID, Quantity, SaleDate) VALUES (1142, 34, 106, 3, '2023-08-14');
INSERT INTO Sales (SaleID, CustomerID, ProductID, Quantity, SaleDate) VALUES (1143, 57, 118, 3, '2025-01-05');
INSERT INTO Sales (SaleID, CustomerID, ProductID, Quantity, SaleDate) VALUES (1144, 55, 118, 1, '2024-03-24');
INSERT INTO Sales (SaleID, CustomerID, ProductID, Quantity, SaleDate) VALUES (1145, 15, 103, 3, '2025-03-17');
INSERT INTO Sales (SaleID, CustomerID, ProductID, Quantity, SaleDate) VALUES (1146, 20, 118, 1, '2024-06-18');
INSERT INTO Sales (SaleID, CustomerID, ProductID, Quantity, SaleDate) VALUES (1147, 48, 119, 3, '2025-02-14');
INSERT INTO Sales (SaleID, CustomerID, ProductID, Quantity, SaleDate) VALUES (1148, 19, 114, 1, '2023-05-16');
INSERT INTO Sales (SaleID, CustomerID, ProductID, Quantity, SaleDate) VALUES (1149, 6, 110, 2, '2024-10-07');
INSERT INTO Sales (SaleID, CustomerID, ProductID, Quantity, SaleDate) VALUES (1150, 6, 112, 1, '2025-03-21');
INSERT INTO Sales (SaleID, CustomerID, ProductID, Quantity, SaleDate) VALUES (1151, 88, 108, 3, '2024-07-10');
INSERT INTO Sales (SaleID, CustomerID, ProductID, Quantity, SaleDate) VALUES (1152, 14, 112, 3, '2024-05-08');
INSERT INTO Sales (SaleID, CustomerID, ProductID, Quantity, SaleDate) VALUES (1153, 53, 120, 3, '2024-03-31');
INSERT INTO Sales (SaleID, CustomerID, ProductID, Quantity, SaleDate) VALUES (1154, 20, 108, 1, '2023-06-27');
INSERT INTO Sales (SaleID, CustomerID, ProductID, Quantity, SaleDate) VALUES (1155, 23, 114, 1, '2023-10-08');
INSERT INTO Sales (SaleID, CustomerID, ProductID, Quantity, SaleDate) VALUES (1156, 23, 111, 2, '2024-06-21');
INSERT INTO Sales (SaleID, CustomerID, ProductID, Quantity, SaleDate) VALUES (1157, 86, 108, 2, '2024-02-21');
INSERT INTO Sales (SaleID, CustomerID, ProductID, Quantity, SaleDate) VALUES (1158, 21, 104, 2, '2024-09-10');
INSERT INTO Sales (SaleID, CustomerID, ProductID, Quantity, SaleDate) VALUES (1159, 5, 116, 1, '2024-12-23');
INSERT INTO Sales (SaleID, CustomerID, ProductID, Quantity, SaleDate) VALUES (1160, 26, 115, 2, '2024-06-06');
INSERT INTO Sales (SaleID, CustomerID, ProductID, Quantity, SaleDate) VALUES (1161, 40, 108, 1, '2024-09-12');
INSERT INTO Sales (SaleID, CustomerID, ProductID, Quantity, SaleDate) VALUES (1162, 4, 107, 2, '2024-04-23');
INSERT INTO Sales (SaleID, CustomerID, ProductID, Quantity, SaleDate) VALUES (1163, 43, 109, 1, '2024-12-26');
INSERT INTO Sales (SaleID, CustomerID, ProductID, Quantity, SaleDate) VALUES (1164, 99, 109, 2, '2023-06-25');
INSERT INTO Sales (SaleID, CustomerID, ProductID, Quantity, SaleDate) VALUES (1165, 83, 117, 2, '2023-10-21');
INSERT INTO Sales (SaleID, CustomerID, ProductID, Quantity, SaleDate) VALUES (1166, 87, 118, 2, '2023-12-09');
INSERT INTO Sales (SaleID, CustomerID, ProductID, Quantity, SaleDate) VALUES (1167, 4, 104, 2, '2024-07-15');
INSERT INTO Sales (SaleID, CustomerID, ProductID, Quantity, SaleDate) VALUES (1168, 23, 119, 2, '2023-08-25');
INSERT INTO Sales (SaleID, CustomerID, ProductID, Quantity, SaleDate) VALUES (1169, 5, 104, 3, '2025-05-05');
INSERT INTO Sales (SaleID, CustomerID, ProductID, Quantity, SaleDate) VALUES (1170, 56, 112, 3, '2023-12-25');
INSERT INTO Sales (SaleID, CustomerID, ProductID, Quantity, SaleDate) VALUES (1171, 41, 114, 3, '2024-04-20');
INSERT INTO Sales (SaleID, CustomerID, ProductID, Quantity, SaleDate) VALUES (1172, 66, 104, 2, '2025-03-30');
INSERT INTO Sales (SaleID, CustomerID, ProductID, Quantity, SaleDate) VALUES (1173, 74, 107, 2, '2024-11-08');
INSERT INTO Sales (SaleID, CustomerID, ProductID, Quantity, SaleDate) VALUES (1174, 6, 114, 1, '2024-05-26');
INSERT INTO Sales (SaleID, CustomerID, ProductID, Quantity, SaleDate) VALUES (1175, 67, 118, 3, '2023-08-18');
INSERT INTO Sales (SaleID, CustomerID, ProductID, Quantity, SaleDate) VALUES (1176, 93, 107, 2, '2023-06-07');
INSERT INTO Sales (SaleID, CustomerID, ProductID, Quantity, SaleDate) VALUES (1177, 56, 103, 3, '2024-09-16');
INSERT INTO Sales (SaleID, CustomerID, ProductID, Quantity, SaleDate) VALUES (1178, 43, 120, 2, '2024-08-30');
INSERT INTO Sales (SaleID, CustomerID, ProductID, Quantity, SaleDate) VALUES (1179, 85, 104, 3, '2025-01-25');
INSERT INTO Sales (SaleID, CustomerID, ProductID, Quantity, SaleDate) VALUES (1180, 39, 117, 2, '2023-11-17');
INSERT INTO Sales (SaleID, CustomerID, ProductID, Quantity, SaleDate) VALUES (1181, 86, 114, 2, '2024-11-17');
INSERT INTO Sales (SaleID, CustomerID, ProductID, Quantity, SaleDate) VALUES (1182, 52, 110, 3, '2023-09-16');
INSERT INTO Sales (SaleID, CustomerID, ProductID, Quantity, SaleDate) VALUES (1183, 17, 107, 2, '2024-01-12');
INSERT INTO Sales (SaleID, CustomerID, ProductID, Quantity, SaleDate) VALUES (1184, 86, 113, 3, '2024-07-16');
INSERT INTO Sales (SaleID, CustomerID, ProductID, Quantity, SaleDate) VALUES (1185, 96, 106, 3, '2023-05-26');
INSERT INTO Sales (SaleID, CustomerID, ProductID, Quantity, SaleDate) VALUES (1186, 73, 110, 2, '2024-07-17');
INSERT INTO Sales (SaleID, CustomerID, ProductID, Quantity, SaleDate) VALUES (1187, 71, 101, 2, '2024-03-27');
INSERT INTO Sales (SaleID, CustomerID, ProductID, Quantity, SaleDate) VALUES (1188, 37, 107, 2, '2023-07-27');
INSERT INTO Sales (SaleID, CustomerID, ProductID, Quantity, SaleDate) VALUES (1189, 75, 120, 3, '2023-11-06');
INSERT INTO Sales (SaleID, CustomerID, ProductID, Quantity, SaleDate) VALUES (1190, 42, 115, 2, '2025-02-27');
INSERT INTO Sales (SaleID, CustomerID, ProductID, Quantity, SaleDate) VALUES (1191, 57, 107, 3, '2025-04-24');
INSERT INTO Sales (SaleID, CustomerID, ProductID, Quantity, SaleDate) VALUES (1192, 61, 106, 3, '2023-08-12');
INSERT INTO Sales (SaleID, CustomerID, ProductID, Quantity, SaleDate) VALUES (1193, 11, 110, 3, '2024-05-08');
INSERT INTO Sales (SaleID, CustomerID, ProductID, Quantity, SaleDate) VALUES (1194, 85, 120, 2, '2023-08-15');
INSERT INTO Sales (SaleID, CustomerID, ProductID, Quantity, SaleDate) VALUES (1195, 12, 108, 3, '2024-09-30');
INSERT INTO Sales (SaleID, CustomerID, ProductID, Quantity, SaleDate) VALUES (1196, 40, 108, 1, '2025-02-20');
INSERT INTO Sales (SaleID, CustomerID, ProductID, Quantity, SaleDate) VALUES (1197, 19, 101, 1, '2023-09-12');
INSERT INTO Sales (SaleID, CustomerID, ProductID, Quantity, SaleDate) VALUES (1198, 32, 116, 3, '2024-06-06');
INSERT INTO Sales (SaleID, CustomerID, ProductID, Quantity, SaleDate) VALUES (1199, 99, 103, 2, '2025-05-09');
INSERT INTO Sales (SaleID, CustomerID, ProductID, Quantity, SaleDate) VALUES (1200, 54, 119, 1, '2024-11-22');
INSERT INTO Sales (SaleID, CustomerID, ProductID, Quantity, SaleDate) VALUES (1201, 92, 113, 2, '2023-12-28');
INSERT INTO Sales (SaleID, CustomerID, ProductID, Quantity, SaleDate) VALUES (1202, 52, 108, 1, '2024-06-14');
INSERT INTO Sales (SaleID, CustomerID, ProductID, Quantity, SaleDate) VALUES (1203, 84, 101, 1, '2024-11-13');
INSERT INTO Sales (SaleID, CustomerID, ProductID, Quantity, SaleDate) VALUES (1204, 100, 114, 1, '2023-12-14');
INSERT INTO Sales (SaleID, CustomerID, ProductID, Quantity, SaleDate) VALUES (1205, 23, 117, 2, '2024-04-02');
INSERT INTO Sales (SaleID, CustomerID, ProductID, Quantity, SaleDate) VALUES (1206, 7, 118, 1, '2025-02-22');
INSERT INTO Sales (SaleID, CustomerID, ProductID, Quantity, SaleDate) VALUES (1207, 16, 115, 1, '2024-05-24');
INSERT INTO Sales (SaleID, CustomerID, ProductID, Quantity, SaleDate) VALUES (1208, 60, 117, 3, '2024-05-16');
INSERT INTO Sales (SaleID, CustomerID, ProductID, Quantity, SaleDate) VALUES (1209, 77, 111, 2, '2023-11-21');
INSERT INTO Sales (SaleID, CustomerID, ProductID, Quantity, SaleDate) VALUES (1210, 79, 117, 2, '2024-05-04');
INSERT INTO Sales (SaleID, CustomerID, ProductID, Quantity, SaleDate) VALUES (1211, 71, 115, 1, '2024-07-17');
INSERT INTO Sales (SaleID, CustomerID, ProductID, Quantity, SaleDate) VALUES (1212, 96, 116, 2, '2023-09-05');
INSERT INTO Sales (SaleID, CustomerID, ProductID, Quantity, SaleDate) VALUES (1213, 34, 108, 3, '2024-03-08');
INSERT INTO Sales (SaleID, CustomerID, ProductID, Quantity, SaleDate) VALUES (1214, 36, 117, 2, '2023-10-11');
INSERT INTO Sales (SaleID, CustomerID, ProductID, Quantity, SaleDate) VALUES (1215, 81, 108, 2, '2025-05-01');
INSERT INTO Sales (SaleID, CustomerID, ProductID, Quantity, SaleDate) VALUES (1216, 57, 103, 3, '2024-08-23');
INSERT INTO Sales (SaleID, CustomerID, ProductID, Quantity, SaleDate) VALUES (1217, 37, 108, 2, '2024-06-13');
INSERT INTO Sales (SaleID, CustomerID, ProductID, Quantity, SaleDate) VALUES (1218, 43, 111, 3, '2024-12-15');
INSERT INTO Sales (SaleID, CustomerID, ProductID, Quantity, SaleDate) VALUES (1219, 11, 105, 1, '2025-03-28');
INSERT INTO Sales (SaleID, CustomerID, ProductID, Quantity, SaleDate) VALUES (1220, 30, 113, 3, '2023-08-30');
INSERT INTO Sales (SaleID, CustomerID, ProductID, Quantity, SaleDate) VALUES (1221, 20, 107, 1, '2025-03-17');
INSERT INTO Sales (SaleID, CustomerID, ProductID, Quantity, SaleDate) VALUES (1222, 54, 114, 2, '2023-07-09');
INSERT INTO Sales (SaleID, CustomerID, ProductID, Quantity, SaleDate) VALUES (1223, 70, 115, 2, '2023-12-16');
INSERT INTO Sales (SaleID, CustomerID, ProductID, Quantity, SaleDate) VALUES (1224, 8, 107, 2, '2025-01-05');
INSERT INTO Sales (SaleID, CustomerID, ProductID, Quantity, SaleDate) VALUES (1225, 50, 119, 3, '2025-01-18');
INSERT INTO Sales (SaleID, CustomerID, ProductID, Quantity, SaleDate) VALUES (1226, 3, 119, 2, '2025-03-09');
INSERT INTO Sales (SaleID, CustomerID, ProductID, Quantity, SaleDate) VALUES (1227, 62, 101, 2, '2024-04-02');
INSERT INTO Sales (SaleID, CustomerID, ProductID, Quantity, SaleDate) VALUES (1228, 39, 113, 2, '2024-02-03');
INSERT INTO Sales (SaleID, CustomerID, ProductID, Quantity, SaleDate) VALUES (1229, 69, 118, 3, '2025-05-10');
INSERT INTO Sales (SaleID, CustomerID, ProductID, Quantity, SaleDate) VALUES (1230, 29, 116, 1, '2025-01-16');
INSERT INTO Sales (SaleID, CustomerID, ProductID, Quantity, SaleDate) VALUES (1231, 35, 114, 2, '2024-06-13');
INSERT INTO Sales (SaleID, CustomerID, ProductID, Quantity, SaleDate) VALUES (1232, 4, 113, 2, '2023-12-09');
INSERT INTO Sales (SaleID, CustomerID, ProductID, Quantity, SaleDate) VALUES (1233, 86, 113, 3, '2025-02-11');
INSERT INTO Sales (SaleID, CustomerID, ProductID, Quantity, SaleDate) VALUES (1234, 22, 115, 1, '2023-05-17');
INSERT INTO Sales (SaleID, CustomerID, ProductID, Quantity, SaleDate) VALUES (1235, 80, 118, 1, '2023-12-21');
INSERT INTO Sales (SaleID, CustomerID, ProductID, Quantity, SaleDate) VALUES (1236, 51, 119, 3, '2024-11-29');
INSERT INTO Sales (SaleID, CustomerID, ProductID, Quantity, SaleDate) VALUES (1237, 85, 101, 1, '2024-01-02');
INSERT INTO Sales (SaleID, CustomerID, ProductID, Quantity, SaleDate) VALUES (1238, 83, 114, 1, '2025-02-24');
INSERT INTO Sales (SaleID, CustomerID, ProductID, Quantity, SaleDate) VALUES (1239, 60, 106, 1, '2024-08-13');
INSERT INTO Sales (SaleID, CustomerID, ProductID, Quantity, SaleDate) VALUES (1240, 34, 113, 2, '2024-08-08');
INSERT INTO Sales (SaleID, CustomerID, ProductID, Quantity, SaleDate) VALUES (1241, 28, 115, 2, '2024-10-09');
INSERT INTO Sales (SaleID, CustomerID, ProductID, Quantity, SaleDate) VALUES (1242, 44, 113, 2, '2024-05-30');
INSERT INTO Sales (SaleID, CustomerID, ProductID, Quantity, SaleDate) VALUES (1243, 97, 114, 2, '2025-03-18');
INSERT INTO Sales (SaleID, CustomerID, ProductID, Quantity, SaleDate) VALUES (1244, 11, 116, 1, '2023-09-08');
INSERT INTO Sales (SaleID, CustomerID, ProductID, Quantity, SaleDate) VALUES (1245, 96, 118, 1, '2024-04-26');
INSERT INTO Sales (SaleID, CustomerID, ProductID, Quantity, SaleDate) VALUES (1246, 45, 108, 3, '2024-07-07');
INSERT INTO Sales (SaleID, CustomerID, ProductID, Quantity, SaleDate) VALUES (1247, 9, 102, 1, '2024-05-26');
INSERT INTO Sales (SaleID, CustomerID, ProductID, Quantity, SaleDate) VALUES (1248, 32, 107, 1, '2024-02-08');
INSERT INTO Sales (SaleID, CustomerID, ProductID, Quantity, SaleDate) VALUES (1249, 80, 105, 1, '2024-01-29');
INSERT INTO Sales (SaleID, CustomerID, ProductID, Quantity, SaleDate) VALUES (1250, 17, 116, 3, '2024-07-17');
INSERT INTO Sales (SaleID, CustomerID, ProductID, Quantity, SaleDate) VALUES (1251, 15, 119, 1, '2024-12-28');
INSERT INTO Sales (SaleID, CustomerID, ProductID, Quantity, SaleDate) VALUES (1252, 60, 109, 2, '2024-07-11');
INSERT INTO Sales (SaleID, CustomerID, ProductID, Quantity, SaleDate) VALUES (1253, 22, 120, 3, '2024-03-03');
INSERT INTO Sales (SaleID, CustomerID, ProductID, Quantity, SaleDate) VALUES (1254, 96, 104, 1, '2024-05-03');
INSERT INTO Sales (SaleID, CustomerID, ProductID, Quantity, SaleDate) VALUES (1255, 40, 104, 3, '2025-05-09');
INSERT INTO Sales (SaleID, CustomerID, ProductID, Quantity, SaleDate) VALUES (1256, 4, 110, 3, '2024-01-20');
INSERT INTO Sales (SaleID, CustomerID, ProductID, Quantity, SaleDate) VALUES (1257, 87, 113, 2, '2025-03-21');
INSERT INTO Sales (SaleID, CustomerID, ProductID, Quantity, SaleDate) VALUES (1258, 92, 107, 1, '2023-10-09');
INSERT INTO Sales (SaleID, CustomerID, ProductID, Quantity, SaleDate) VALUES (1259, 76, 108, 1, '2024-11-07');
INSERT INTO Sales (SaleID, CustomerID, ProductID, Quantity, SaleDate) VALUES (1260, 90, 110, 3, '2023-11-17');
INSERT INTO Sales (SaleID, CustomerID, ProductID, Quantity, SaleDate) VALUES (1261, 77, 104, 3, '2024-08-02');
INSERT INTO Sales (SaleID, CustomerID, ProductID, Quantity, SaleDate) VALUES (1262, 6, 112, 3, '2024-03-08');
INSERT INTO Sales (SaleID, CustomerID, ProductID, Quantity, SaleDate) VALUES (1263, 55, 112, 1, '2023-11-13');
INSERT INTO Sales (SaleID, CustomerID, ProductID, Quantity, SaleDate) VALUES (1264, 65, 111, 1, '2025-03-10');
INSERT INTO Sales (SaleID, CustomerID, ProductID, Quantity, SaleDate) VALUES (1265, 54, 116, 1, '2025-01-07');
INSERT INTO Sales (SaleID, CustomerID, ProductID, Quantity, SaleDate) VALUES (1266, 56, 112, 3, '2024-03-30');
INSERT INTO Sales (SaleID, CustomerID, ProductID, Quantity, SaleDate) VALUES (1267, 59, 105, 2, '2023-06-18');
INSERT INTO Sales (SaleID, CustomerID, ProductID, Quantity, SaleDate) VALUES (1268, 23, 117, 3, '2024-01-18');
INSERT INTO Sales (SaleID, CustomerID, ProductID, Quantity, SaleDate) VALUES (1269, 35, 120, 3, '2024-12-14');
INSERT INTO Sales (SaleID, CustomerID, ProductID, Quantity, SaleDate) VALUES (1270, 100, 116, 2, '2024-05-17');
INSERT INTO Sales (SaleID, CustomerID, ProductID, Quantity, SaleDate) VALUES (1271, 56, 119, 2, '2024-11-13');
INSERT INTO Sales (SaleID, CustomerID, ProductID, Quantity, SaleDate) VALUES (1272, 42, 108, 1, '2025-04-24');
INSERT INTO Sales (SaleID, CustomerID, ProductID, Quantity, SaleDate) VALUES (1273, 36, 115, 1, '2025-02-04');
INSERT INTO Sales (SaleID, CustomerID, ProductID, Quantity, SaleDate) VALUES (1274, 97, 115, 3, '2024-03-07');
INSERT INTO Sales (SaleID, CustomerID, ProductID, Quantity, SaleDate) VALUES (1275, 79, 113, 2, '2024-03-10');
INSERT INTO Sales (SaleID, CustomerID, ProductID, Quantity, SaleDate) VALUES (1276, 4, 116, 2, '2024-10-12');
INSERT INTO Sales (SaleID, CustomerID, ProductID, Quantity, SaleDate) VALUES (1277, 24, 116, 1, '2025-01-20');
INSERT INTO Sales (SaleID, CustomerID, ProductID, Quantity, SaleDate) VALUES (1278, 46, 109, 2, '2025-02-11');
INSERT INTO Sales (SaleID, CustomerID, ProductID, Quantity, SaleDate) VALUES (1279, 36, 120, 3, '2024-10-03');
INSERT INTO Sales (SaleID, CustomerID, ProductID, Quantity, SaleDate) VALUES (1280, 36, 118, 1, '2023-09-11');
INSERT INTO Sales (SaleID, CustomerID, ProductID, Quantity, SaleDate) VALUES (1281, 67, 107, 1, '2024-06-03');
INSERT INTO Sales (SaleID, CustomerID, ProductID, Quantity, SaleDate) VALUES (1282, 31, 114, 2, '2023-06-13');
INSERT INTO Sales (SaleID, CustomerID, ProductID, Quantity, SaleDate) VALUES (1283, 72, 108, 3, '2023-08-22');
INSERT INTO Sales (SaleID, CustomerID, ProductID, Quantity, SaleDate) VALUES (1284, 61, 116, 2, '2024-06-09');
INSERT INTO Sales (SaleID, CustomerID, ProductID, Quantity, SaleDate) VALUES (1285, 3, 103, 2, '2024-08-16');
INSERT INTO Sales (SaleID, CustomerID, ProductID, Quantity, SaleDate) VALUES (1286, 29, 113, 3, '2024-01-28');
INSERT INTO Sales (SaleID, CustomerID, ProductID, Quantity, SaleDate) VALUES (1287, 32, 110, 3, '2025-03-21');
INSERT INTO Sales (SaleID, CustomerID, ProductID, Quantity, SaleDate) VALUES (1288, 75, 112, 2, '2023-08-01');
INSERT INTO Sales (SaleID, CustomerID, ProductID, Quantity, SaleDate) VALUES (1289, 71, 117, 2, '2025-03-25');
INSERT INTO Sales (SaleID, CustomerID, ProductID, Quantity, SaleDate) VALUES (1290, 55, 118, 2, '2025-03-02');
INSERT INTO Sales (SaleID, CustomerID, ProductID, Quantity, SaleDate) VALUES (1291, 46, 115, 2, '2024-04-21');
INSERT INTO Sales (SaleID, CustomerID, ProductID, Quantity, SaleDate) VALUES (1292, 40, 109, 1, '2023-08-01');
INSERT INTO Sales (SaleID, CustomerID, ProductID, Quantity, SaleDate) VALUES (1293, 16, 107, 2, '2024-06-27');
INSERT INTO Sales (SaleID, CustomerID, ProductID, Quantity, SaleDate) VALUES (1294, 16, 118, 3, '2025-04-22');
INSERT INTO Sales (SaleID, CustomerID, ProductID, Quantity, SaleDate) VALUES (1295, 24, 107, 1, '2024-05-04');
INSERT INTO Sales (SaleID, CustomerID, ProductID, Quantity, SaleDate) VALUES (1296, 95, 116, 2, '2023-05-27');
INSERT INTO Sales (SaleID, CustomerID, ProductID, Quantity, SaleDate) VALUES (1297, 93, 119, 3, '2024-11-27');
INSERT INTO Sales (SaleID, CustomerID, ProductID, Quantity, SaleDate) VALUES (1298, 77, 110, 1, '2023-09-04');
INSERT INTO Sales (SaleID, CustomerID, ProductID, Quantity, SaleDate) VALUES (1299, 25, 110, 1, '2024-03-29');
INSERT INTO Sales (SaleID, CustomerID, ProductID, Quantity, SaleDate) VALUES (1300, 47, 106, 2, '2025-03-22');
INSERT INTO Sales (SaleID, CustomerID, ProductID, Quantity, SaleDate) VALUES (1301, 2, 118, 1, '2024-10-05');
INSERT INTO Sales (SaleID, CustomerID, ProductID, Quantity, SaleDate) VALUES (1302, 36, 102, 1, '2023-09-12');
INSERT INTO Sales (SaleID, CustomerID, ProductID, Quantity, SaleDate) VALUES (1303, 71, 110, 3, '2023-07-13');
INSERT INTO Sales (SaleID, CustomerID, ProductID, Quantity, SaleDate) VALUES (1304, 17, 116, 1, '2024-05-14');
INSERT INTO Sales (SaleID, CustomerID, ProductID, Quantity, SaleDate) VALUES (1305, 2, 119, 2, '2025-01-12');
INSERT INTO Sales (SaleID, CustomerID, ProductID, Quantity, SaleDate) VALUES (1306, 61, 116, 2, '2023-12-07');
INSERT INTO Sales (SaleID, CustomerID, ProductID, Quantity, SaleDate) VALUES (1307, 44, 106, 1, '2024-02-02');
INSERT INTO Sales (SaleID, CustomerID, ProductID, Quantity, SaleDate) VALUES (1308, 33, 116, 1, '2024-09-11');
INSERT INTO Sales (SaleID, CustomerID, ProductID, Quantity, SaleDate) VALUES (1309, 9, 113, 2, '2024-11-04');
INSERT INTO Sales (SaleID, CustomerID, ProductID, Quantity, SaleDate) VALUES (1310, 10, 119, 3, '2024-03-19');
INSERT INTO Sales (SaleID, CustomerID, ProductID, Quantity, SaleDate) VALUES (1311, 88, 102, 1, '2024-10-01');
INSERT INTO Sales (SaleID, CustomerID, ProductID, Quantity, SaleDate) VALUES (1312, 20, 119, 2, '2023-07-17');
INSERT INTO Sales (SaleID, CustomerID, ProductID, Quantity, SaleDate) VALUES (1313, 11, 108, 1, '2025-03-07');
INSERT INTO Sales (SaleID, CustomerID, ProductID, Quantity, SaleDate) VALUES (1314, 72, 114, 3, '2024-01-26');
INSERT INTO Sales (SaleID, CustomerID, ProductID, Quantity, SaleDate) VALUES (1315, 77, 120, 1, '2025-03-08');
INSERT INTO Sales (SaleID, CustomerID, ProductID, Quantity, SaleDate) VALUES (1316, 100, 117, 2, '2024-10-20');
INSERT INTO Sales (SaleID, CustomerID, ProductID, Quantity, SaleDate) VALUES (1317, 58, 115, 2, '2025-03-13');
INSERT INTO Sales (SaleID, CustomerID, ProductID, Quantity, SaleDate) VALUES (1318, 76, 114, 2, '2024-07-03');
INSERT INTO Sales (SaleID, CustomerID, ProductID, Quantity, SaleDate) VALUES (1319, 73, 120, 1, '2024-03-06');
INSERT INTO Sales (SaleID, CustomerID, ProductID, Quantity, SaleDate) VALUES (1320, 79, 104, 1, '2024-01-16');
INSERT INTO Sales (SaleID, CustomerID, ProductID, Quantity, SaleDate) VALUES (1321, 81, 107, 2, '2024-09-13');
INSERT INTO Sales (SaleID, CustomerID, ProductID, Quantity, SaleDate) VALUES (1322, 85, 103, 1, '2024-11-24');
INSERT INTO Sales (SaleID, CustomerID, ProductID, Quantity, SaleDate) VALUES (1323, 31, 106, 3, '2025-04-04');
INSERT INTO Sales (SaleID, CustomerID, ProductID, Quantity, SaleDate) VALUES (1324, 10, 106, 1, '2024-12-25');
INSERT INTO Sales (SaleID, CustomerID, ProductID, Quantity, SaleDate) VALUES (1325, 53, 115, 3, '2024-05-29');
INSERT INTO Sales (SaleID, CustomerID, ProductID, Quantity, SaleDate) VALUES (1326, 77, 116, 2, '2025-03-23');
INSERT INTO Sales (SaleID, CustomerID, ProductID, Quantity, SaleDate) VALUES (1327, 5, 108, 2, '2024-07-09');
INSERT INTO Sales (SaleID, CustomerID, ProductID, Quantity, SaleDate) VALUES (1328, 91, 110, 3, '2023-06-12');
INSERT INTO Sales (SaleID, CustomerID, ProductID, Quantity, SaleDate) VALUES (1329, 59, 103, 3, '2024-09-06');
INSERT INTO Sales (SaleID, CustomerID, ProductID, Quantity, SaleDate) VALUES (1330, 30, 109, 3, '2023-07-08');
INSERT INTO Sales (SaleID, CustomerID, ProductID, Quantity, SaleDate) VALUES (1331, 76, 107, 2, '2023-11-14');
INSERT INTO Sales (SaleID, CustomerID, ProductID, Quantity, SaleDate) VALUES (1332, 15, 118, 1, '2024-09-17');
INSERT INTO Sales (SaleID, CustomerID, ProductID, Quantity, SaleDate) VALUES (1333, 83, 105, 2, '2024-10-28');
INSERT INTO Sales (SaleID, CustomerID, ProductID, Quantity, SaleDate) VALUES (1334, 19, 103, 1, '2025-04-30');
INSERT INTO Sales (SaleID, CustomerID, ProductID, Quantity, SaleDate) VALUES (1335, 22, 110, 3, '2023-12-25');
INSERT INTO Sales (SaleID, CustomerID, ProductID, Quantity, SaleDate) VALUES (1336, 96, 119, 2, '2023-11-08');
INSERT INTO Sales (SaleID, CustomerID, ProductID, Quantity, SaleDate) VALUES (1337, 57, 104, 2, '2024-12-16');
INSERT INTO Sales (SaleID, CustomerID, ProductID, Quantity, SaleDate) VALUES (1338, 89, 110, 3, '2023-07-25');
INSERT INTO Sales (SaleID, CustomerID, ProductID, Quantity, SaleDate) VALUES (1339, 52, 109, 3, '2024-04-17');
INSERT INTO Sales (SaleID, CustomerID, ProductID, Quantity, SaleDate) VALUES (1340, 70, 116, 2, '2023-07-31');
INSERT INTO Sales (SaleID, CustomerID, ProductID, Quantity, SaleDate) VALUES (1341, 11, 120, 1, '2024-12-26');
INSERT INTO Sales (SaleID, CustomerID, ProductID, Quantity, SaleDate) VALUES (1342, 56, 111, 3, '2024-09-19');
INSERT INTO Sales (SaleID, CustomerID, ProductID, Quantity, SaleDate) VALUES (1343, 33, 101, 1, '2024-11-12');
INSERT INTO Sales (SaleID, CustomerID, ProductID, Quantity, SaleDate) VALUES (1344, 30, 119, 3, '2025-03-23');
INSERT INTO Sales (SaleID, CustomerID, ProductID, Quantity, SaleDate) VALUES (1345, 3, 109, 3, '2023-08-02');
INSERT INTO Sales (SaleID, CustomerID, ProductID, Quantity, SaleDate) VALUES (1346, 6, 106, 2, '2024-04-24');
INSERT INTO Sales (SaleID, CustomerID, ProductID, Quantity, SaleDate) VALUES (1347, 67, 115, 2, '2023-09-22');
INSERT INTO Sales (SaleID, CustomerID, ProductID, Quantity, SaleDate) VALUES (1348, 24, 119, 2, '2024-11-05');
INSERT INTO Sales (SaleID, CustomerID, ProductID, Quantity, SaleDate) VALUES (1349, 82, 116, 1, '2024-01-03');
INSERT INTO Sales (SaleID, CustomerID, ProductID, Quantity, SaleDate) VALUES (1350, 61, 112, 2, '2025-04-16');
INSERT INTO Sales (SaleID, CustomerID, ProductID, Quantity, SaleDate) VALUES (1351, 43, 111, 3, '2023-06-07');
INSERT INTO Sales (SaleID, CustomerID, ProductID, Quantity, SaleDate) VALUES (1352, 14, 106, 2, '2023-06-20');
INSERT INTO Sales (SaleID, CustomerID, ProductID, Quantity, SaleDate) VALUES (1353, 53, 116, 2, '2024-01-22');
INSERT INTO Sales (SaleID, CustomerID, ProductID, Quantity, SaleDate) VALUES (1354, 85, 113, 3, '2025-01-23');
INSERT INTO Sales (SaleID, CustomerID, ProductID, Quantity, SaleDate) VALUES (1355, 5, 115, 1, '2023-06-28');
INSERT INTO Sales (SaleID, CustomerID, ProductID, Quantity, SaleDate) VALUES (1356, 41, 109, 2, '2023-12-29');
INSERT INTO Sales (SaleID, CustomerID, ProductID, Quantity, SaleDate) VALUES (1357, 15, 113, 3, '2024-02-18');
INSERT INTO Sales (SaleID, CustomerID, ProductID, Quantity, SaleDate) VALUES (1358, 1, 118, 2, '2024-03-02');
INSERT INTO Sales (SaleID, CustomerID, ProductID, Quantity, SaleDate) VALUES (1359, 53, 102, 1, '2024-04-14');
INSERT INTO Sales (SaleID, CustomerID, ProductID, Quantity, SaleDate) VALUES (1360, 67, 112, 3, '2023-09-06');
INSERT INTO Sales (SaleID, CustomerID, ProductID, Quantity, SaleDate) VALUES (1361, 97, 116, 3, '2023-11-21');
INSERT INTO Sales (SaleID, CustomerID, ProductID, Quantity, SaleDate) VALUES (1362, 57, 102, 1, '2024-07-01');
INSERT INTO Sales (SaleID, CustomerID, ProductID, Quantity, SaleDate) VALUES (1363, 35, 118, 1, '2024-03-31');
INSERT INTO Sales (SaleID, CustomerID, ProductID, Quantity, SaleDate) VALUES (1364, 37, 115, 3, '2024-07-28');
INSERT INTO Sales (SaleID, CustomerID, ProductID, Quantity, SaleDate) VALUES (1365, 63, 104, 1, '2024-10-26');
INSERT INTO Sales (SaleID, CustomerID, ProductID, Quantity, SaleDate) VALUES (1366, 81, 120, 1, '2025-01-20');
INSERT INTO Sales (SaleID, CustomerID, ProductID, Quantity, SaleDate) VALUES (1367, 91, 106, 2, '2023-10-02');
INSERT INTO Sales (SaleID, CustomerID, ProductID, Quantity, SaleDate) VALUES (1368, 71, 101, 3, '2023-09-25');
INSERT INTO Sales (SaleID, CustomerID, ProductID, Quantity, SaleDate) VALUES (1369, 53, 103, 1, '2023-09-28');
INSERT INTO Sales (SaleID, CustomerID, ProductID, Quantity, SaleDate) VALUES (1370, 15, 115, 1, '2023-07-16');
INSERT INTO Sales (SaleID, CustomerID, ProductID, Quantity, SaleDate) VALUES (1371, 83, 105, 2, '2024-08-31');
INSERT INTO Sales (SaleID, CustomerID, ProductID, Quantity, SaleDate) VALUES (1372, 92, 110, 3, '2025-03-22');
INSERT INTO Sales (SaleID, CustomerID, ProductID, Quantity, SaleDate) VALUES (1373, 91, 109, 2, '2024-03-08');
INSERT INTO Sales (SaleID, CustomerID, ProductID, Quantity, SaleDate) VALUES (1374, 62, 116, 1, '2024-09-08');
INSERT INTO Sales (SaleID, CustomerID, ProductID, Quantity, SaleDate) VALUES (1375, 59, 118, 1, '2024-10-27');
INSERT INTO Sales (SaleID, CustomerID, ProductID, Quantity, SaleDate) VALUES (1376, 50, 107, 3, '2023-11-19');
INSERT INTO Sales (SaleID, CustomerID, ProductID, Quantity, SaleDate) VALUES (1377, 66, 105, 1, '2024-06-05');
INSERT INTO Sales (SaleID, CustomerID, ProductID, Quantity, SaleDate) VALUES (1378, 36, 114, 2, '2025-04-24');
INSERT INTO Sales (SaleID, CustomerID, ProductID, Quantity, SaleDate) VALUES (1379, 65, 109, 1, '2024-08-10');
INSERT INTO Sales (SaleID, CustomerID, ProductID, Quantity, SaleDate) VALUES (1380, 37, 110, 3, '2023-09-04');
INSERT INTO Sales (SaleID, CustomerID, ProductID, Quantity, SaleDate) VALUES (1381, 75, 116, 1, '2023-11-12');
INSERT INTO Sales (SaleID, CustomerID, ProductID, Quantity, SaleDate) VALUES (1382, 58, 118, 2, '2024-05-08');
INSERT INTO Sales (SaleID, CustomerID, ProductID, Quantity, SaleDate) VALUES (1383, 45, 111, 3, '2024-09-22');
INSERT INTO Sales (SaleID, CustomerID, ProductID, Quantity, SaleDate) VALUES (1384, 98, 118, 2, '2023-11-29');
INSERT INTO Sales (SaleID, CustomerID, ProductID, Quantity, SaleDate) VALUES (1385, 59, 111, 1, '2024-05-06');
INSERT INTO Sales (SaleID, CustomerID, ProductID, Quantity, SaleDate) VALUES (1386, 90, 108, 3, '2023-11-30');
INSERT INTO Sales (SaleID, CustomerID, ProductID, Quantity, SaleDate) VALUES (1387, 50, 108, 2, '2024-10-14');
INSERT INTO Sales (SaleID, CustomerID, ProductID, Quantity, SaleDate) VALUES (1388, 6, 111, 3, '2023-05-23');
INSERT INTO Sales (SaleID, CustomerID, ProductID, Quantity, SaleDate) VALUES (1389, 61, 113, 2, '2025-04-13');
INSERT INTO Sales (SaleID, CustomerID, ProductID, Quantity, SaleDate) VALUES (1390, 85, 105, 2, '2025-01-29');
INSERT INTO Sales (SaleID, CustomerID, ProductID, Quantity, SaleDate) VALUES (1391, 5, 105, 3, '2024-05-11');
INSERT INTO Sales (SaleID, CustomerID, ProductID, Quantity, SaleDate) VALUES (1392, 76, 111, 1, '2025-04-14');
INSERT INTO Sales (SaleID, CustomerID, ProductID, Quantity, SaleDate) VALUES (1393, 57, 104, 3, '2023-12-25');
INSERT INTO Sales (SaleID, CustomerID, ProductID, Quantity, SaleDate) VALUES (1394, 59, 101, 3, '2024-10-23');
INSERT INTO Sales (SaleID, CustomerID, ProductID, Quantity, SaleDate) VALUES (1395, 19, 114, 3, '2024-07-13');
INSERT INTO Sales (SaleID, CustomerID, ProductID, Quantity, SaleDate) VALUES (1396, 20, 103, 2, '2023-09-15');
INSERT INTO Sales (SaleID, CustomerID, ProductID, Quantity, SaleDate) VALUES (1397, 34, 111, 3, '2023-07-12');
INSERT INTO Sales (SaleID, CustomerID, ProductID, Quantity, SaleDate) VALUES (1398, 89, 113, 3, '2024-04-23');
INSERT INTO Sales (SaleID, CustomerID, ProductID, Quantity, SaleDate) VALUES (1399, 11, 111, 3, '2024-02-08');
INSERT INTO Sales (SaleID, CustomerID, ProductID, Quantity, SaleDate) VALUES (1400, 69, 113, 2, '2024-08-14');
INSERT INTO Sales (SaleID, CustomerID, ProductID, Quantity, SaleDate) VALUES (1401, 81, 116, 3, '2024-01-03');
INSERT INTO Sales (SaleID, CustomerID, ProductID, Quantity, SaleDate) VALUES (1402, 5, 120, 1, '2024-09-23');
INSERT INTO Sales (SaleID, CustomerID, ProductID, Quantity, SaleDate) VALUES (1403, 31, 110, 1, '2024-04-09');
INSERT INTO Sales (SaleID, CustomerID, ProductID, Quantity, SaleDate) VALUES (1404, 96, 103, 2, '2024-11-02');
INSERT INTO Sales (SaleID, CustomerID, ProductID, Quantity, SaleDate) VALUES (1405, 13, 104, 2, '2023-11-26');
INSERT INTO Sales (SaleID, CustomerID, ProductID, Quantity, SaleDate) VALUES (1406, 22, 110, 1, '2024-05-04');
INSERT INTO Sales (SaleID, CustomerID, ProductID, Quantity, SaleDate) VALUES (1407, 6, 111, 1, '2025-03-02');
INSERT INTO Sales (SaleID, CustomerID, ProductID, Quantity, SaleDate) VALUES (1408, 38, 112, 2, '2024-01-05');
INSERT INTO Sales (SaleID, CustomerID, ProductID, Quantity, SaleDate) VALUES (1409, 56, 105, 1, '2023-10-17');
INSERT INTO Sales (SaleID, CustomerID, ProductID, Quantity, SaleDate) VALUES (1410, 68, 114, 3, '2024-03-09');
INSERT INTO Sales (SaleID, CustomerID, ProductID, Quantity, SaleDate) VALUES (1411, 88, 106, 1, '2025-03-08');
INSERT INTO Sales (SaleID, CustomerID, ProductID, Quantity, SaleDate) VALUES (1412, 23, 103, 3, '2024-05-25');
INSERT INTO Sales (SaleID, CustomerID, ProductID, Quantity, SaleDate) VALUES (1413, 49, 120, 3, '2023-08-06');
INSERT INTO Sales (SaleID, CustomerID, ProductID, Quantity, SaleDate) VALUES (1414, 31, 116, 3, '2023-11-16');
INSERT INTO Sales (SaleID, CustomerID, ProductID, Quantity, SaleDate) VALUES (1415, 19, 108, 2, '2024-03-07');
INSERT INTO Sales (SaleID, CustomerID, ProductID, Quantity, SaleDate) VALUES (1416, 82, 109, 2, '2024-08-02');
INSERT INTO Sales (SaleID, CustomerID, ProductID, Quantity, SaleDate) VALUES (1417, 33, 101, 2, '2024-02-18');
INSERT INTO Sales (SaleID, CustomerID, ProductID, Quantity, SaleDate) VALUES (1418, 37, 118, 1, '2024-08-04');
INSERT INTO Sales (SaleID, CustomerID, ProductID, Quantity, SaleDate) VALUES (1419, 10, 115, 2, '2023-12-31');
INSERT INTO Sales (SaleID, CustomerID, ProductID, Quantity, SaleDate) VALUES (1420, 76, 110, 3, '2024-11-09');
INSERT INTO Sales (SaleID, CustomerID, ProductID, Quantity, SaleDate) VALUES (1421, 55, 109, 2, '2023-12-31');
INSERT INTO Sales (SaleID, CustomerID, ProductID, Quantity, SaleDate) VALUES (1422, 39, 107, 2, '2023-06-02');
INSERT INTO Sales (SaleID, CustomerID, ProductID, Quantity, SaleDate) VALUES (1423, 62, 104, 1, '2025-02-18');
INSERT INTO Sales (SaleID, CustomerID, ProductID, Quantity, SaleDate) VALUES (1424, 49, 119, 2, '2024-10-08');
INSERT INTO Sales (SaleID, CustomerID, ProductID, Quantity, SaleDate) VALUES (1425, 74, 110, 3, '2024-03-18');
INSERT INTO Sales (SaleID, CustomerID, ProductID, Quantity, SaleDate) VALUES (1426, 38, 101, 3, '2023-12-15');
INSERT INTO Sales (SaleID, CustomerID, ProductID, Quantity, SaleDate) VALUES (1427, 51, 109, 1, '2023-05-22');
INSERT INTO Sales (SaleID, CustomerID, ProductID, Quantity, SaleDate) VALUES (1428, 73, 102, 3, '2024-07-28');
INSERT INTO Sales (SaleID, CustomerID, ProductID, Quantity, SaleDate) VALUES (1429, 96, 116, 2, '2025-03-17');
INSERT INTO Sales (SaleID, CustomerID, ProductID, Quantity, SaleDate) VALUES (1430, 100, 108, 3, '2024-10-29');
INSERT INTO Sales (SaleID, CustomerID, ProductID, Quantity, SaleDate) VALUES (1431, 46, 108, 3, '2025-01-09');
INSERT INTO Sales (SaleID, CustomerID, ProductID, Quantity, SaleDate) VALUES (1432, 25, 120, 2, '2024-12-14');
INSERT INTO Sales (SaleID, CustomerID, ProductID, Quantity, SaleDate) VALUES (1433, 87, 105, 3, '2023-06-23');
INSERT INTO Sales (SaleID, CustomerID, ProductID, Quantity, SaleDate) VALUES (1434, 13, 102, 2, '2025-04-22');
INSERT INTO Sales (SaleID, CustomerID, ProductID, Quantity, SaleDate) VALUES (1435, 57, 102, 3, '2024-08-29');
INSERT INTO Sales (SaleID, CustomerID, ProductID, Quantity, SaleDate) VALUES (1436, 47, 105, 1, '2024-12-14');
INSERT INTO Sales (SaleID, CustomerID, ProductID, Quantity, SaleDate) VALUES (1437, 38, 111, 3, '2024-06-04');
INSERT INTO Sales (SaleID, CustomerID, ProductID, Quantity, SaleDate) VALUES (1438, 54, 106, 1, '2025-02-20');
INSERT INTO Sales (SaleID, CustomerID, ProductID, Quantity, SaleDate) VALUES (1439, 17, 118, 2, '2025-04-17');
INSERT INTO Sales (SaleID, CustomerID, ProductID, Quantity, SaleDate) VALUES (1440, 68, 117, 2, '2025-04-16');
INSERT INTO Sales (SaleID, CustomerID, ProductID, Quantity, SaleDate) VALUES (1441, 22, 109, 2, '2023-12-24');
INSERT INTO Sales (SaleID, CustomerID, ProductID, Quantity, SaleDate) VALUES (1442, 38, 111, 1, '2025-01-07');
INSERT INTO Sales (SaleID, CustomerID, ProductID, Quantity, SaleDate) VALUES (1443, 60, 103, 1, '2025-01-25');
INSERT INTO Sales (SaleID, CustomerID, ProductID, Quantity, SaleDate) VALUES (1444, 97, 108, 3, '2023-11-10');
INSERT INTO Sales (SaleID, CustomerID, ProductID, Quantity, SaleDate) VALUES (1445, 93, 113, 3, '2024-08-29');
INSERT INTO Sales (SaleID, CustomerID, ProductID, Quantity, SaleDate) VALUES (1446, 47, 103, 2, '2025-01-27');
INSERT INTO Sales (SaleID, CustomerID, ProductID, Quantity, SaleDate) VALUES (1447, 2, 109, 3, '2024-02-13');
INSERT INTO Sales (SaleID, CustomerID, ProductID, Quantity, SaleDate) VALUES (1448, 16, 115, 2, '2023-11-02');
INSERT INTO Sales (SaleID, CustomerID, ProductID, Quantity, SaleDate) VALUES (1449, 87, 109, 3, '2024-09-21');
INSERT INTO Sales (SaleID, CustomerID, ProductID, Quantity, SaleDate) VALUES (1450, 49, 112, 1, '2023-10-10');
INSERT INTO Sales (SaleID, CustomerID, ProductID, Quantity, SaleDate) VALUES (1451, 87, 108, 2, '2024-09-09');
INSERT INTO Sales (SaleID, CustomerID, ProductID, Quantity, SaleDate) VALUES (1452, 4, 120, 3, '2023-11-26');
INSERT INTO Sales (SaleID, CustomerID, ProductID, Quantity, SaleDate) VALUES (1453, 42, 120, 1, '2024-10-23');
INSERT INTO Sales (SaleID, CustomerID, ProductID, Quantity, SaleDate) VALUES (1454, 83, 103, 3, '2024-12-22');
INSERT INTO Sales (SaleID, CustomerID, ProductID, Quantity, SaleDate) VALUES (1455, 60, 110, 3, '2024-11-25');
INSERT INTO Sales (SaleID, CustomerID, ProductID, Quantity, SaleDate) VALUES (1456, 53, 104, 1, '2025-01-01');
INSERT INTO Sales (SaleID, CustomerID, ProductID, Quantity, SaleDate) VALUES (1457, 6, 102, 2, '2024-10-09');
INSERT INTO Sales (SaleID, CustomerID, ProductID, Quantity, SaleDate) VALUES (1458, 64, 104, 1, '2024-10-25');
INSERT INTO Sales (SaleID, CustomerID, ProductID, Quantity, SaleDate) VALUES (1459, 31, 118, 1, '2025-02-25');
INSERT INTO Sales (SaleID, CustomerID, ProductID, Quantity, SaleDate) VALUES (1460, 50, 115, 2, '2023-08-30');
INSERT INTO Sales (SaleID, CustomerID, ProductID, Quantity, SaleDate) VALUES (1461, 86, 118, 2, '2024-09-14');
INSERT INTO Sales (SaleID, CustomerID, ProductID, Quantity, SaleDate) VALUES (1462, 76, 105, 2, '2023-07-30');
INSERT INTO Sales (SaleID, CustomerID, ProductID, Quantity, SaleDate) VALUES (1463, 84, 104, 2, '2025-04-16');
INSERT INTO Sales (SaleID, CustomerID, ProductID, Quantity, SaleDate) VALUES (1464, 79, 114, 2, '2024-09-14');
INSERT INTO Sales (SaleID, CustomerID, ProductID, Quantity, SaleDate) VALUES (1465, 5, 112, 1, '2024-09-29');
INSERT INTO Sales (SaleID, CustomerID, ProductID, Quantity, SaleDate) VALUES (1466, 57, 115, 1, '2023-06-15');
INSERT INTO Sales (SaleID, CustomerID, ProductID, Quantity, SaleDate) VALUES (1467, 47, 104, 3, '2024-01-10');
INSERT INTO Sales (SaleID, CustomerID, ProductID, Quantity, SaleDate) VALUES (1468, 48, 118, 3, '2025-01-17');
INSERT INTO Sales (SaleID, CustomerID, ProductID, Quantity, SaleDate) VALUES (1469, 46, 102, 2, '2024-04-22');
INSERT INTO Sales (SaleID, CustomerID, ProductID, Quantity, SaleDate) VALUES (1470, 36, 107, 1, '2023-06-10');
INSERT INTO Sales (SaleID, CustomerID, ProductID, Quantity, SaleDate) VALUES (1471, 59, 103, 3, '2024-08-08');
INSERT INTO Sales (SaleID, CustomerID, ProductID, Quantity, SaleDate) VALUES (1472, 28, 120, 1, '2024-02-23');
INSERT INTO Sales (SaleID, CustomerID, ProductID, Quantity, SaleDate) VALUES (1473, 7, 111, 1, '2024-12-04');
INSERT INTO Sales (SaleID, CustomerID, ProductID, Quantity, SaleDate) VALUES (1474, 17, 119, 1, '2023-08-26');
INSERT INTO Sales (SaleID, CustomerID, ProductID, Quantity, SaleDate) VALUES (1475, 9, 118, 1, '2023-07-25');
INSERT INTO Sales (SaleID, CustomerID, ProductID, Quantity, SaleDate) VALUES (1476, 76, 107, 1, '2025-04-21');
INSERT INTO Sales (SaleID, CustomerID, ProductID, Quantity, SaleDate) VALUES (1477, 43, 105, 3, '2023-12-31');
INSERT INTO Sales (SaleID, CustomerID, ProductID, Quantity, SaleDate) VALUES (1478, 1, 109, 1, '2024-01-24');
INSERT INTO Sales (SaleID, CustomerID, ProductID, Quantity, SaleDate) VALUES (1479, 17, 118, 2, '2024-12-16');
INSERT INTO Sales (SaleID, CustomerID, ProductID, Quantity, SaleDate) VALUES (1480, 23, 104, 3, '2024-04-02');
INSERT INTO Sales (SaleID, CustomerID, ProductID, Quantity, SaleDate) VALUES (1481, 4, 105, 1, '2023-09-29');
INSERT INTO Sales (SaleID, CustomerID, ProductID, Quantity, SaleDate) VALUES (1482, 46, 108, 3, '2023-10-18');
INSERT INTO Sales (SaleID, CustomerID, ProductID, Quantity, SaleDate) VALUES (1483, 42, 101, 1, '2023-08-26');
INSERT INTO Sales (SaleID, CustomerID, ProductID, Quantity, SaleDate) VALUES (1484, 34, 102, 1, '2025-01-15');
INSERT INTO Sales (SaleID, CustomerID, ProductID, Quantity, SaleDate) VALUES (1485, 95, 114, 3, '2024-07-07');
INSERT INTO Sales (SaleID, CustomerID, ProductID, Quantity, SaleDate) VALUES (1486, 15, 103, 2, '2025-03-26');
INSERT INTO Sales (SaleID, CustomerID, ProductID, Quantity, SaleDate) VALUES (1487, 58, 112, 3, '2024-02-24');
INSERT INTO Sales (SaleID, CustomerID, ProductID, Quantity, SaleDate) VALUES (1488, 76, 104, 2, '2024-07-01');
INSERT INTO Sales (SaleID, CustomerID, ProductID, Quantity, SaleDate) VALUES (1489, 65, 108, 3, '2024-06-08');
INSERT INTO Sales (SaleID, CustomerID, ProductID, Quantity, SaleDate) VALUES (1490, 6, 117, 2, '2025-04-24');
INSERT INTO Sales (SaleID, CustomerID, ProductID, Quantity, SaleDate) VALUES (1491, 59, 101, 1, '2023-12-13');
INSERT INTO Sales (SaleID, CustomerID, ProductID, Quantity, SaleDate) VALUES (1492, 62, 113, 2, '2025-02-19');
INSERT INTO Sales (SaleID, CustomerID, ProductID, Quantity, SaleDate) VALUES (1493, 88, 104, 2, '2023-09-20');
INSERT INTO Sales (SaleID, CustomerID, ProductID, Quantity, SaleDate) VALUES (1494, 92, 115, 1, '2023-12-01');
INSERT INTO Sales (SaleID, CustomerID, ProductID, Quantity, SaleDate) VALUES (1495, 11, 111, 3, '2025-04-24');
INSERT INTO Sales (SaleID, CustomerID, ProductID, Quantity, SaleDate) VALUES (1496, 19, 103, 1, '2025-02-14');
INSERT INTO Sales (SaleID, CustomerID, ProductID, Quantity, SaleDate) VALUES (1497, 36, 120, 3, '2024-05-24');
INSERT INTO Sales (SaleID, CustomerID, ProductID, Quantity, SaleDate) VALUES (1498, 75, 118, 3, '2025-01-31');
INSERT INTO Sales (SaleID, CustomerID, ProductID, Quantity, SaleDate) VALUES (1499, 42, 113, 3, '2023-12-31');
INSERT INTO Sales (SaleID, CustomerID, ProductID, Quantity, SaleDate) VALUES (1500, 68, 110, 2, '2024-12-15');